<?xml version="1.0" encoding="UTF-8" standalone="yes"?>
<addon id="repository.makaveli" name="The Don Killuminati" version="0.0.1" provider-name="BlackstaR">
	<extension point="xbmc.addon.repository" name="The Don Killuminati">
		<dir>
			<info compressed="false">https://raw.githubusercontent.com/totalrevolution/python-koding/master/zips/addons.xml</info>
			<checksum>https://raw.githubusercontent.com/totalrevolution/python-koding/master/zips/addons.xml.md5</checksum>
			<datadir zip="true">https://raw.githubusercontent.com/totalrevolution/python-koding/master/zips/</datadir>
		</dir>
		<info compressed="false">https://raw.githubusercontent.com/blackstar3000/repository.makaveli/master/zips/addons.xml</info>
		<checksum>https://raw.githubusercontent.com/blackstar3000/repository.makaveli/master/zips/addons.xml.md5</checksum>
		<datadir zip="true">https://raw.githubusercontent.com/blackstar3000/repository.makaveli/master/zips/</datadir>
	</extension>
	<extension point="xbmc.addon.metadata">
		<summary lang="en">Best Kodi Content</summary>
		<description lang="en">Best Kodi Content</description>
		<genre></genre>
	</extension>
</addon>